Alpha,Cl,Cd,Cm
-10.0,-0.4403,0.12185,0.036
-9.0,-0.3769,0.10411,0.0288
-5.0,-0.3197,0.05346,0.015
-4.0,-0.107,0.04022,-0.0193
-3.0,-0.068,0.03486,-0.0208
-2.0,-0.0318,0.03126,-0.0187
-1.0,-0.0078,0.02922,-0.0116
0.0,-0.0,0.02856,-0.0
1.0,0.0078,0.02921,0.0116
2.0,0.0319,0.03125,0.0187
3.0,0.0682,0.03485,0.0208
4.0,0.1073,0.0402,0.0193
5.0,0.3202,0.05345,-0.015
6.0,0.5051,0.06362,-0.0255
7.0,0.5599,0.07533,-0.0206
8.0,0.5479,0.09154,-0.0209
10.0,0.4414,0.12187,-0.0363
